IP,Domain,Location
180.76.15.163,baiduspider-180-76-15-163.crawl.baidu.com,China  22  Beijing
180.76.15.152,baiduspider-180-76-15-152.crawl.baidu.com,China  22  Beijing
180.76.15.25,baiduspider-180-76-15-25.crawl.baidu.com,China  22  Beijing
180.76.15.144,baiduspider-180-76-15-144.crawl.baidu.com,China  22  Beijing
180.76.15.22,baiduspider-180-76-15-22.crawl.baidu.com,China  22  Beijing
180.76.15.153,baiduspider-180-76-15-153.crawl.baidu.com,China  22  Beijing
180.76.15.155,baiduspider-180-76-15-155.crawl.baidu.com,China  22  Beijing
180.76.15.159,baiduspider-180-76-15-159.crawl.baidu.com,China  22  Beijing
180.76.15.161,baiduspider-180-76-15-161.crawl.baidu.com,China  22  Beijing
180.76.15.136,baiduspider-180-76-15-136.crawl.baidu.com,China  22  Beijing
180.76.15.145,baiduspider-180-76-15-145.crawl.baidu.com,China  22  Beijing
124.168.154.155,124-168-154-155.dyn.iinet.net.au,Australia  02  Hurstville
180.76.15.14,baiduspider-180-76-15-14.crawl.baidu.com,China  22  Beijing
180.76.15.150,baiduspider-180-76-15-150.crawl.baidu.com,China  22  Beijing
180.76.15.32,baiduspider-180-76-15-32.crawl.baidu.com,China  22  Beijing
203.87.61.18,mail.money101.com.au,Australia  07  Melbourne
203.210.82.174,,Australia  07  Melbourne
180.76.15.17,baiduspider-180-76-15-17.crawl.baidu.com,China  22  Beijing
180.76.15.26,baiduspider-180-76-15-26.crawl.baidu.com,China  22  Beijing
180.76.15.31,baiduspider-180-76-15-31.crawl.baidu.com,China  22  Beijing
103.239.51.34,,Australia  02  Sydney
70.39.157.197,,United States
83.223.122.24,83-223-122-24.as29017.net,United Kingdom
70.39.157.199,,United States
59.100.28.147,59-100-28-147.mel.static-ipl.aapt.com.au,Australia  07  Richmond
180.76.15.19,baiduspider-180-76-15-19.crawl.baidu.com,China  22  Beijing
180.76.15.28,baiduspider-180-76-15-28.crawl.baidu.com,China  22  Beijing
124.47.168.178,,Australia  02  Sydney
203.210.82.46,,Australia  07  Melbourne
66.249.66.63,crawl-66-249-66-63.googlebot.com,United States  CA  Mountain View
202.52.135.4,,Australia  07  Morwell
180.76.15.11,baiduspider-180-76-15-11.crawl.baidu.com,China  22  Beijing
180.76.15.162,baiduspider-180-76-15-162.crawl.baidu.com,China  22  Beijing
66.249.66.4,crawl-66-249-66-4.googlebot.com,United States  CA  Mountain View
209.133.77.170,209.133.77.170.T01713-01.above.net,United States
180.76.15.16,baiduspider-180-76-15-16.crawl.baidu.com,China  22  Beijing
180.76.15.158,baiduspider-180-76-15-158.crawl.baidu.com,China  22  Beijing
66.249.66.8,crawl-66-249-66-8.googlebot.com,United States  CA  Mountain View
180.76.15.134,baiduspider-180-76-15-134.crawl.baidu.com,China  22  Beijing
180.76.15.149,baiduspider-180-76-15-149.crawl.baidu.com,China  22  Beijing
180.76.15.154,baiduspider-180-76-15-154.crawl.baidu.com,China  22  Beijing
180.76.15.34,baiduspider-180-76-15-34.crawl.baidu.com,China  22  Beijing
180.76.15.157,baiduspider-180-76-15-157.crawl.baidu.com,China  22  Beijing
124.168.62.158,124-168-62-158.dyn.iinet.net.au,Australia  02  Sydney
70.39.157.198,,United States
83.223.122.16,83-223-122-16.as29017.net,United Kingdom
83.223.122.6,83-223-122-6.as29017.net,United Kingdom
209.133.77.163,209.133.77.163.T01713-01.above.net,United States
67.228.18.82,argentum.mailguard.com.au,United States  TX  Dallas
67.227.165.223,fluorine.mailguard.com.au,United States  MI  Lansing
209.133.77.169,209.133.77.169.T01713-01.above.net,United States
50.23.253.187,vanadium.mailguard.com.au,United States  TX  Dallas
67.228.17.186,caesium.mailguard.com.au,United States  TX  Dallas
184.173.252.43,neodymium.mailguard.com.au,United States  TX  Dallas
203.57.131.37,,Australia  08  Kalgoorlie
10.42.2.148,,Private network
202.40.0.146,customer.node1.com.au,Australia  08  Geraldton
70.39.157.193,,United States
89.145.108.202,89-145-108-202.as29017.net,United Kingdom
70.39.157.194,,United States
173.192.120.186,polonium.mailguard.com.au,United States  TX  Dallas
83.223.122.5,83-223-122-5.as29017.net,United Kingdom
89.145.108.203,89-145-108-203.as29017.net,United Kingdom
70.39.157.192,,United States
83.223.122.10,83-223-122-10.as29017.net,United Kingdom
74.86.19.26,promethium.mailguard.com.au,United States  TX  Dallas
70.39.157.196,,United States
83.223.122.14,83-223-122-14.as29017.net,United Kingdom
173.192.120.187,mercury.mailguard.com.au,United States  TX  Dallas
133.130.58.190,v133-130-58-190.a013.g.tyo1.static.conoha.io,Japan
209.133.77.167,209.133.77.167.T01713-01.above.net,United States
10.19.101.47,,Private network
146.195.111.33,,Australia  08  Leeming
180.76.15.139,baiduspider-180-76-15-139.crawl.baidu.com,China  22  Beijing
203.46.10.108,203-46-10-108.tpips.telstra.com,Australia  08  Forrestfield
202.58.224.60,,Australia  08  Beechboro
180.76.15.5,baiduspider-180-76-15-5.crawl.baidu.com,China  22  Beijing
120.16.234.57,,Australia  08  Yangebup
121.221.6.243,CPE-121-221-6-243.lns1.wel.bigpond.net.au,Australia  08  Morley
180.76.15.160,baiduspider-180-76-15-160.crawl.baidu.com,China  22  Beijing
120.145.43.99,CPE-120-145-43-99.lnse2.wel.bigpond.net.au,Australia  08  Perth
180.76.15.147,baiduspider-180-76-15-147.crawl.baidu.com,China  22  Beijing
180.76.15.10,baiduspider-180-76-15-10.crawl.baidu.com,China  22  Beijing
180.76.15.151,baiduspider-180-76-15-151.crawl.baidu.com,China  22  Beijing
122.109.109.200,d122-109-109-200.per800.wa.optusnet.com.au,Australia  08  Perth
180.76.15.8,baiduspider-180-76-15-8.crawl.baidu.com,China  22  Beijing
1.136.96.170,,Australia  07  Melbourne
110.141.181.95,,Australia  08  Connolly
58.7.69.223,58-7-69-223.dyn.iinet.net.au,Australia  08  Perth
10.70.64.26,,Private network
180.76.15.143,baiduspider-180-76-15-143.crawl.baidu.com,China  22  Beijing
211.31.11.254,c211-31-11-254.rochd5.qld.optusnet.com.au,Australia  04  Brisbane
139.130.205.54,cityof235.lnk.telstra.net,Australia  08  Safety Bay
203.161.120.119,203.161.120.119.static.amnet.net.au,Australia  08  Heathridge
146.195.186.25,,Australia
116.212.205.98,exchange2007.sstuwa.org.au,Australia  08  Perth
203.27.5.17,ns.cityofperth.wa.gov.au,Australia  08  Burswood
180.76.15.156,baiduspider-180-76-15-156.crawl.baidu.com,China  22  Beijing
180.76.15.24,baiduspider-180-76-15-24.crawl.baidu.com,China  22  Beijing
203.213.0.203,corp.tpgtelecom.com.au,Australia  02  Sydney 
203.24.148.50,,Australia  07  Armadale
202.58.224.53,,Australia  08  Beechboro
125.7.58.230,mail.centrecare.com.au,Australia  08  Perth
103.18.154.68,,Australia  04  Brisbane
49.197.37.48,pa49-197-37-48.pa.qld.optusnet.com.au,Australia  04  Brisbane
180.76.15.140,baiduspider-180-76-15-140.crawl.baidu.com,China  22  Beijing
203.59.32.36,203-59-32-36.perm.iinet.net.au,Australia  08  Perth
49.197.28.162,pa49-197-28-162.pa.qld.optusnet.com.au,Australia  04  Durack
180.76.15.30,baiduspider-180-76-15-30.crawl.baidu.com,China  22  Beijing
101.190.67.6,,Australia  02  Sydney
203.59.9.91,mail.ieuwa.asn.au,Australia  08  South Perth
101.186.64.254,,Australia  08  Perth
210.18.193.25,,Australia  04  Toowoomba
202.58.224.54,,Australia  08  Beechboro
180.76.15.7,baiduspider-180-76-15-7.crawl.baidu.com,China  22  Beijing
125.254.33.122,122.33.254.125.static.soulaustralia.com.au,Australia  07  Ringwood
180.76.15.18,baiduspider-180-76-15-18.crawl.baidu.com,China  22  Beijing
110.142.192.171,shireo151.lnk.telstra.net,Australia  08  Margaret River
101.182.73.54,CPE-101-182-73-54.lnse1.woo.bigpond.net.au,Australia  07  Melbourne
116.212.192.90,,Australia  08  Camillo
203.44.63.162,,Australia  07  Camberwell
103.18.155.68,,Australia  04  Brisbane
203.153.242.182,242.182-dslgw.amnet.net.au,Australia  08  Perth
180.76.15.138,baiduspider-180-76-15-138.crawl.baidu.com,China  22  Beijing
180.76.15.146,baiduspider-180-76-15-146.crawl.baidu.com,China  22  Beijing
180.76.15.33,baiduspider-180-76-15-33.crawl.baidu.com,China  22  Beijing
116.212.197.33,,Australia  08  Perth
180.76.15.15,baiduspider-180-76-15-15.crawl.baidu.com,China  22  Beijing
60.228.19.63,CPE-60-228-19-63.lns6.ken.bigpond.net.au,Australia  08  Perth
207.46.13.38,msnbot-207-46-13-38.search.msn.com,United States  WA  Redmond
83.71.247.36,,Ireland  07  Dublin
180.76.15.137,baiduspider-180-76-15-137.crawl.baidu.com,China  22  Beijing
101.185.75.166,,Australia  05  Adelaide
54.174.79.43,ec2-54-174-79-43.compute-1.amazonaws.com,United States  VA  Ashburn
180.76.15.6,baiduspider-180-76-15-6.crawl.baidu.com,China  22  Beijing
180.76.15.23,baiduspider-180-76-15-23.crawl.baidu.com,China  22  Beijing
180.76.15.13,baiduspider-180-76-15-13.crawl.baidu.com,China  22  Beijing
180.76.15.9,baiduspider-180-76-15-9.crawl.baidu.com,China  22  Beijing
66.249.79.91,crawl-66-249-79-91.googlebot.com,United States  CA  Mountain View
66.249.79.87,crawl-66-249-79-87.googlebot.com,United States  CA  Mountain View
120.22.28.42,,Australia  04  Brisbane
125.7.106.36,,Australia  01  Barton
146.195.186.59,,Australia
106.68.148.152,106-68-148-152.dyn.iinet.net.au,Australia  08  Perth
59.167.110.197,mail.gosnells.wa.gov.au,Australia  08  Perth
180.76.15.148,baiduspider-180-76-15-148.crawl.baidu.com,China  22  Beijing
58.172.43.81,CPE-58-172-43-81.wqcz1.ken.bigpond.net.au,Australia
118.209.94.30,ppp118-209-94-30.lns20.mel4.internode.on.net,Australia  07  South Morang
120.148.89.242,CPE-120-148-89-242.nhgx1.lon.bigpond.net.au,Australia  07  Sunshine
180.76.15.27,baiduspider-180-76-15-27.crawl.baidu.com,China  22  Beijing
180.76.15.20,baiduspider-180-76-15-20.crawl.baidu.com,China  22  Beijing
40.77.167.68,msnbot-40-77-167-68.search.msn.com,United States
180.76.15.29,baiduspider-180-76-15-29.crawl.baidu.com,China  22  Beijing
1.136.96.232,,Australia  07  Melbourne
180.76.15.12,baiduspider-180-76-15-12.crawl.baidu.com,China  22  Beijing
10.69.66.71,,Private network
146.195.111.34,,Australia  08  Leeming
1.152.97.31,,Australia  07  Carnegie
101.182.94.72,CPE-101-182-94-72.lnse2.woo.bigpond.net.au,Australia  07  Gowanbrae
180.76.15.135,baiduspider-180-76-15-135.crawl.baidu.com,China  22  Beijing
120.21.83.63,,Australia  07  Melbourne
1.125.48.42,,Australia  05  Adelaide
1.120.154.166,CPE-1-120-154-166.qcl9.cha.bigpond.net.au,Australia  04  Brendale
208.115.111.69,208-115-111-69-reverse.wowrack.com,United States  WA  Seattle
49.196.15.78,pa49-196-15-78.pa.vic.optusnet.com.au,Australia  08  Balga
180.76.15.141,baiduspider-180-76-15-141.crawl.baidu.com,China  22  Beijing
114.77.252.160,c114-77-252-160.ipswc3.qld.optusnet.com.au,Australia  04  Ipswich
49.196.6.21,pa49-196-6-21.pa.vic.optusnet.com.au,Australia  08  Perth
1.126.48.40,,Australia  08  East Perth
208.115.113.85,,United States  WA  Seattle
64.246.165.10,www.whois.sc,United States  WA  Seattle
49.196.6.106,pa49-196-6-106.pa.vic.optusnet.com.au,Australia  08  Perth
133.130.98.204,v133-130-98-204.a027.g.tyo1.static.cnode.io,Japan
49.199.157.135,pa49-199-157-135.pa.vic.optusnet.com.au,Australia  07  Melbourne
49.196.132.222,pa49-196-132-222.pa.vic.optusnet.com.au,Australia  08  Perth
124.168.81.14,124-168-81-14.dyn.iinet.net.au,Australia  07  South Morang
14.201.64.191,14-201-64-191.static.tpgi.com.au,Australia  07  Elsternwick
58.165.225.209,CPE-58-165-225-209.wa.bigpond.net.au,Australia  04  Brisbane
124.148.81.11,124-148-81-11.dyn.iinet.net.au,Australia  08  Perth
180.76.15.142,baiduspider-180-76-15-142.crawl.baidu.com,China  22  Beijing
180.76.15.21,baiduspider-180-76-15-21.crawl.baidu.com,China  22  Beijing
58.169.132.58,CPE-58-169-132-58.lns4.bat.bigpond.net.au,Australia  06  Bridgewater
120.156.134.145,,Australia
110.32.226.169,d110-32-226-169.bla800.nsw.optusnet.com.au,Australia  02  Liverpool
220.253.137.153,220-253-137-153.dyn.iinet.net.au,Australia  08  Perth
10.176.91.183,,Private network
220.244.160.102,220-244-160-102.static.tpgi.com.au,Australia  07  Essendon
10.69.184.215,,Private network
10.69.173.30,,Private network
10.245.215.254,,Private network
203.45.223.242,mrl1814011.lnk.telstra.net,Australia  02  Wollongong
106.69.83.54,106-69-83-54.dyn.iinet.net.au,Australia  08  Cuballing
118.211.77.128,,Australia  05  Adelaide
1.127.48.125,,Australia  08  Perth
203.59.8.58,mail.asuwa.asn.au,Australia  08  South Perth
114.198.20.19,114-198-20-19.dyn.iinet.net.au,Australia  07  Melbourne
106.69.173.193,106-69-173-193.dyn.iinet.net.au,Australia  08  Perth
211.31.166.185,,Australia  05  Plympton
49.196.11.163,pa49-196-11-163.pa.vic.optusnet.com.au,Australia  08  South Perth
220.235.226.154,220-235-226-154.dyn.iinet.net.au,Australia  04
202.162.74.172,,Australia  07  Hawthorn
49.196.133.174,pa49-196-133-174.pa.vic.optusnet.com.au,Australia  08  Perth
220.244.72.70,220-244-72-70.tpgi.com.au,Australia  04  Brisbane
10.68.66.6,,Private network
146.195.111.31,,Australia  08  Leeming
59.167.240.7,mail.ngssuper.com.au,Australia  02  Sydney
120.151.46.166,goldfi21.lnk.telstra.net,Australia  08  East Perth
175.32.175.9,,Australia  07  Melbourne
195.154.207.146,195-154-207-146.rev.poneytelecom.eu,France
1.144.97.96,,Australia  02  Sydney
60.231.182.50,CPE-60-231-182-50.lns4.dav.bigpond.net.au,Australia  06  Launceston
10.100.8.213,,Private network
182.255.99.70,exch01.mackillop.tas.edu.au,Australia  06  Howrah
103.241.148.65,mail.awu.org.au,Australia  04  Brisbane
1.136.97.2,,Australia  07  Melbourne
89.216.122.22,cable-89-216-122-22.static.sbb.rs,Serbia  02  Novi Sad
146.195.111.35,,Australia  08  Leeming
203.28.166.2,,Australia  02  Sydney
121.45.139.102,,Australia  05  Adelaide
121.223.155.4,CPE-121-223-155-4.lns2.bat.bigpond.net.au,Australia  06  Taroona
58.161.106.101,CPE-58-161-106-101.kybq1.win.bigpond.net.au,Australia
120.21.128.118,,Australia  07  Caulfield
84.228.111.69,IGLD-84-228-111-69.inter.net.il,Israel
1.144.97.73,,Australia  02  Sydney
182.239.183.4,182-239-183-4.ip.adam.com.au,Australia  05  Modbury
203.111.137.49,,Australia  07  Melbourne
203.206.167.126,203-206-167-126.perm.iinet.net.au,Australia  02  Sydney
1.129.97.80,,Australia  02  Sydney
203.217.56.73,203-217-56-73.perm.iinet.net.au,Australia  07  Collingwood
124.150.50.55,dsl-124-150-50-55.dyn.iinet.net.au,Australia  07  Brunswick
1.152.97.38,,Australia  07  Carnegie
1.136.96.247,,Australia  07  Melbourne
10.144.13.28,,Private network
83.223.122.23,83-223-122-23.as29017.net,United Kingdom
1.144.96.110,,Australia  02  Sydney
66.249.69.112,crawl-66-249-69-112.googlebot.com,United States  CA  Mountain View
66.249.69.96,crawl-66-249-69-96.googlebot.com,United States  CA  Mountain View
203.87.3.178,203-87-3-178.static.tpgi.com.au,Australia  07  Melbourne
124.148.20.20,gateway.comtel.com.au,Australia  04  Toowong
203.0.149.116,,Australia
68.180.229.152,b115318.yse.yahoo.net,United States  CA  Sunnyvale
147.69.168.26,,Australia  06  Devonport
66.249.73.130,crawl-66-249-73-130.googlebot.com,United States  CA  Mountain View
66.249.73.254,crawl-66-249-73-254.googlebot.com,United States  CA  Mountain View
101.179.23.182,cpe-101-179-23-182.qb01.dyn.asp.telstra.net,Australia  04  Aspley
58.106.129.179,d58-106-129-179.rdl802.qld.optusnet.com.au,Australia  04  Brisbane
49.255.247.100,ip-100.247.255.49.VOCUS.net.au,Australia  04  Brisbane
1.129.96.252,,Australia  02  Sydney
1.152.96.124,,Australia  07  Carnegie
121.212.130.26,CPE-121-212-130-26.lns10.ken.bigpond.net.au,Australia  02  Singleton
66.249.64.204,crawl-66-249-64-204.googlebot.com,United States  CA  Mountain View
66.249.64.194,crawl-66-249-64-194.googlebot.com,United States  CA  Mountain View
121.219.148.233,CPE-121-219-148-233.lnse2.lon.bigpond.net.au,Australia  07  Sandringham
216.218.135.2,liquid5.he.net,United States  CA  Fremont
58.106.148.142,d58-106-148-142.rdl803.qld.optusnet.com.au,Australia  04  Brisbane
124.179.147.243,CPE-124-179-147-243.lns5.cha.bigpond.net.au,Australia  01  Mawson
128.184.188.20,f-d1-232-fw-dip-188-20.core.deakin.edu.au,Australia  07  Burwood
124.149.225.11,,Australia
120.21.150.32,,Australia  07  Prahran
101.190.48.222,,Australia  02  Glenwood
58.84.152.186,58-84-152-186.e-wire.net.au,Australia  08  Clarkson
120.29.247.233,,Australia  06  Launceston
155.143.191.87,static.belong.com.au,Australia  04  Buderim
1.136.97.20,,Australia  07  Melbourne
155.143.45.133,static.belong.com.au,Australia  07  Southbank
114.77.182.182,c114-77-182-182.hillc3.qld.optusnet.com.au,Australia  04  Crestmead
101.177.228.110,cpe-101-177-228-110.ab01.dyn.asp.telstra.net,Australia  01  Nicholls
208.100.26.233,ip233.208-100-26.static.steadfastdns.net,United States  IL  Chicago
146.195.186.6,,Australia
120.145.156.112,CPE-120-145-156-112.lnse2.pie.bigpond.net.au,Australia  08  Thornlie
74.86.19.27,protactinium.mailguard.com.au,United States  TX  Dallas
67.227.226.236,americium.mailguard.com.au,United States  MI  Lansing
184.173.210.234,molybdenum.mailguard.com.au,United States  TX  Dallas
23.246.197.253,samarium.mailguard.com.au,United States  TX  Dallas
1.127.49.5,,Australia  08  Perth
50.23.252.163,francium.mailguard.com.au,United States  TX  Dallas
50.23.253.186,neon.mailguard.com.au,United States  TX  Dallas
64.233.172.226,google-proxy-64-233-172-226.google.com,United States  CA  Mountain View
203.21.40.253,mail.stirling.com.au,Australia  08  Balga
203.89.145.105,,Australia  08  Perth
116.212.251.38,mail.unitingcarewest.org.au,Australia  08  Perth
202.58.224.58,,Australia  08  Beechboro
202.14.131.60,PC0.wagr.wa.gov.au,Australia  08  Alfred Cove
125.7.71.114,mail.fsunion.org.au,Australia  02  Glenmore Park
146.195.186.179,,Australia
1.127.49.117,,Australia  08  Perth
121.221.81.177,CPE-121-221-81-177.lns7.wel.bigpond.net.au,Australia  08  Perth
49.196.13.24,pa49-196-13-24.pa.vic.optusnet.com.au,Australia  08  Balga
203.42.62.30,mail.civicacloud.com.au,Australia
139.130.189.66,cit1812695.lnk.telstra.net,Australia  02  Granville
120.16.70.42,,Australia  08  Perth
124.148.93.241,124-148-93-241.dyn.iinet.net.au,Australia  08  Perth
202.58.224.57,,Australia  08  Beechboro
124.148.72.197,124-148-72-197.dyn.iinet.net.au,Australia  08  Perth
123.2.111.165,165.111.2.123.sta.dodo.net.au,Australia  08  Bentley
120.17.206.230,,Australia  07  Tullamarine
101.180.192.195,cpe-101-180-192-195.tb01.dyn.asp.telstra.net,Australia  06  Hobart
1.136.96.1,,Australia  07  Melbourne
54.209.60.63,nat.aws.kontera.com,United States  VA  Ashburn
115.166.63.157,115-166-63-157.dyn.iinet.net.au,Australia  08  Bicton
1.144.96.145,,Australia  02  Sydney
193.201.227.142,,Ukraine
101.190.33.15,,Australia  02  Adamstown
210.84.13.135,210-84-13-135.dyn.iinet.net.au,Australia  07  Melbourne
120.21.81.62,,Australia  07  Melbourne
106.69.207.255,106-69-207-bcast.dyn.iinet.net.au,Australia  08  Perth
110.175.136.94,110-175-136-94.static.tpgi.com.au,Australia  08  Wembley
220.253.231.3,220-253-231-3.dyn.iinet.net.au,Australia
49.183.70.176,pa49-183-70-176.pa.vic.optusnet.com.au,Australia  07  Lalor
203.191.199.158,mail.lucrf.com.au,Australia  07  South Melbourne
202.74.169.34,202-74-169-34.cep.zetta.net.au,Australia  08  Perth
146.195.81.96,,Australia  08  East Perth
140.159.2.247,,Australia  07  Melbourne
220.240.164.13,220-240-164-13.static.tpgi.com.au,Australia  07  Footscray
58.110.104.20,d58-110-104-20.meb800.vic.optusnet.com.au,Australia  07  Box Hill
66.249.73.139,crawl-66-249-73-139.googlebot.com,United States  CA  Mountain View
114.143.104.34,,India
124.168.72.11,124-168-72-11.dyn.iinet.net.au,Australia  07  Ballarat
165.118.1.50,proxyserver.health.wa.gov.au,Australia  08  Perth
193.201.225.129,,Ukraine
1.136.97.76,,Australia  07  Melbourne
174.129.237.157,ec2-174-129-237-157.compute-1.amazonaws.com,United States  VA  Ashburn
193.201.227.26,,Ukraine
118.211.238.237,ppp118-211-238-237.lns20.drw1.internode.on.net,Australia  03  Moulden
203.214.36.196,203-214-36-196.dyn.iinet.net.au,Australia  07  Southbank
58.7.97.22,58-7-97-22.dyn.iinet.net.au,Australia  08  Perth
193.201.225.58,,Ukraine
123.51.50.132,123-51-50-132.static.dsl.net.au,Australia  02  Young
58.104.5.12,d58-104-5-12.sbr802.nsw.optusnet.com.au,Australia  02  Sydney
216.145.5.42,www.whois.sc,United States  WA  Seattle
58.107.74.91,d58-107-74-91.mit800.act.optusnet.com.au,Australia  01  Kingston
54.164.87.189,ec2-54-164-87-189.compute-1.amazonaws.com,United States  VA  Ashburn
116.212.246.61,116.212.246.61.static.amnet.net.au,Australia
101.188.41.19,,Australia  07  Hallam
188.165.15.237,boson057.ahrefs.com,France
167.114.156.198,ns514167.ip-167-114-156.net,Canada  QC  Montr√©al
150.70.173.12,150-70-173-12.trendmicro.com,Japan
58.96.56.57,57.56.96.58.static.exetel.com.au,Australia  04  Brisbane
202.161.91.114,202-161-91-114.static.tpgi.com.au,Australia  07  Prahran
192.253.248.17,,Australia  02  Sydney
124.170.200.251,124-170-200-251.dyn.iinet.net.au,Australia  02  Baulkham Hills
120.149.130.200,CPE-120-149-130-200.lflg1.win.bigpond.net.au,Australia  07  Saint Albans
124.149.99.68,124-149-99-68.dyn.iinet.net.au,Australia  02  Lane Cove
14.2.93.148,ppp14-2-93-148.lns21.adl6.internode.on.net,Australia  05  Adelaide
66.220.146.30,,United States  CA  Menlo Park
69.171.228.116,,United States  CA  Menlo Park
66.249.69.104,crawl-66-249-69-104.googlebot.com,United States  CA  Mountain View
120.149.166.18,CPE-120-149-166-18.lflg3.vic.bigpond.net.au,Australia
58.107.71.60,d58-107-71-60.mit800.act.optusnet.com.au,Australia  01  Evatt
124.243.138.74,ip-74.138.243.124.dyn.emerge.vocus.net.au,Australia  07  Toolern Vale
151.80.31.134,boson119.ahrefs.com,France  B4  Roubaix
121.200.228.158,,Australia  02  Sydney
115.64.178.141,115-64-178-141.static.tpgi.com.au,Australia  07  Ringwood
103.4.17.2,ipv6dnsserver.net,Australia  02  Sydney
120.151.78.238,mtgibs1.lnk.telstra.net,Australia  08  Fremantle
1.152.96.84,,Australia  07  Carnegie
1.124.48.167,,Australia  05
123.2.60.42,42.60.2.123.sta.dodo.net.au,Australia  05  Adelaide
1.41.11.231,,Australia  02  Strathfield
121.208.16.156,CPE-121-208-16-156.bxny1.woo.bigpond.net.au,Australia  04  The Gap
124.149.16.109,124-149-16-109.dyn.iinet.net.au,Australia  07  Melbourne
120.144.37.141,CPE-120-144-37-141.lnse5.win.bigpond.net.au,Australia  07  Melbourne
121.45.203.10,ppp121-45-203-10.lns20.cbr1.internode.on.net,Australia  01  Canberra
1.124.49.33,,Australia  05
120.148.243.143,CPE-120-148-243-143.hdqu3.win.bigpond.net.au,Australia  07  Caulfield Junction
101.160.16.232,,Australia  07  Glen Iris
101.188.132.251,,Australia  07  Melbourne
124.168.213.92,124-168-213-92.dyn.iinet.net.au,Australia  01  Canberra
150.70.188.167,150-70-188-167.trendmicro.com,Japan
150.70.188.170,150-70-188-170.trendmicro.com,Japan
150.70.188.176,150-70-188-176.trendmicro.com,Japan
150.70.188.172,150-70-188-172.trendmicro.com,Japan
150.70.97.97,150-70-97-97.trendmicro.com,Japan
150.70.173.13,150-70-173-13.trendmicro.com,Japan
150.70.97.98,150-70-97-98.trendmicro.com,Japan
114.30.113.2,114-30-113-2.dyn.iinet.net.au,Australia  08  Perth
49.180.168.74,pa49-180-168-74.pa.nsw.optusnet.com.au,Australia  02  Lakemba
1.127.48.34,,Australia  08  Perth
23.105.34.18,23.105.34.18.rdns.as15003.net,United States  AZ  Phoenix
150.70.173.55,150-70-173-55.trendmicro.com,Japan
150.70.173.51,150-70-173-51.trendmicro.com,Japan
150.70.173.7,150-70-173-7.trendmicro.com,Japan
150.70.188.168,150-70-188-168.trendmicro.com,Japan
101.160.53.51,,Australia  07  Carnegie
49.177.74.5,c49-177-74-5.eburwd8.vic.optusnet.com.au,Australia
1.127.48.246,,Australia  08  Perth
155.143.145.42,static.belong.com.au,Australia  03  Wulagi
120.155.204.110,,Australia
58.110.124.81,d58-110-124-81.meb800.vic.optusnet.com.au,Australia  07  Doncaster
203.206.51.160,203-206-51-160.dyn.iinet.net.au,Australia  06  Launceston
106.69.179.230,106-69-179-230.dyn.iinet.net.au,Australia  08  Applecross
150.70.173.59,150-70-173-59.trendmicro.com,Japan
150.70.173.57,150-70-173-57.trendmicro.com,Japan
82.80.249.158,bzq-82-80-249-158.dcenter.bezeqint.net,Israel
203.39.63.221,,Australia  07  Heatherton
124.182.72.236,CPE-124-182-72-236.lns2.dav.bigpond.net.au,Australia  06  Honeywood
122.107.168.68,c122-107-168-68.eburwd5.vic.optusnet.com.au,Australia  07  Mount Waverley
139.216.27.36,36.27.216.139.sta.dodo.net.au,Australia  05
150.70.188.180,150-70-188-180.trendmicro.com,Japan
150.70.173.40,150-70-173-40.trendmicro.com,Japan
150.70.188.179,150-70-188-179.trendmicro.com,Japan
150.70.173.8,150-70-173-8.trendmicro.com,Japan
150.70.173.46,150-70-173-46.trendmicro.com,Japan
220.253.188.120,220-253-188-120.dyn.iinet.net.au,Australia  08  Bentley
150.101.223.44,eth1069.vic.adsl.internode.on.net,Australia  07  South Yarra
118.211.28.24,,Australia  05  Adelaide
220.253.144.100,220-253-144-100.dyn.iinet.net.au,Australia  08  Perth
